{
  "alpha": 0.03326829708131741,
  "beta1_rf": 0.6213851628534326,
  "r2": 0.7629918667262214,
  "p_beta1": 9.581363199713354e-05,
  "spec": "simples",
  "anos_excluidos": [
    2020
  ],
  "n_obs": 13
}